"Complex","Class","R1","HanschPi1","Hammett1","VdW1","R2","HanschPi2","Hammett2","VdW2","R3","HanschPi3","Hammett3","VdW3","R4","HanschPi4","Hammett4","VdW4","R5","HanschPi5","Hammett5","VdW5","R6","HanschPi6","Hammett6","VdW6","Bridge","HanschPi7","Hammett7","VdW7"
"[Ti](Cl)Cl.c1cccc1.c2cccc2","M","","0","0","1.32","","0","0","1.32","No ligand","N/A","N/A","N/A","No ligand","N/A","N/A","N/A","No ligand","N/A","N/A","N/A","No ligand","N/A","N/A","N/A","No bridge","N/A","N/A","N/A"
"Cl[Ti](C)(C)Cl.CN(C(C=C1)=CC=C1[C@H]([C@@H](C2=CC=C(N(C)C)C=C2)c3cccc3)c4cccc4)C","M","*C(c1ccc(N(C)C)cc1)","2.638","-0.179","109.78883999999996","*Cc1ccc(N(C)C)cc1","2.638","-0.179","109.78883999999996","No ligand","N/A","N/A","N/A","No ligand","N/A","N/A","N/A","No ligand","N/A","N/A","N/A","No ligand","N/A","N/A","N/A","No bridge","N/A","N/A","N/A"
"Cl[Ti](C)(C)Cl.COC(C=C1)=CC=C1Cc2cccc2.COC(C=C3)=CC=C3Cc4cccc4","M","*Cc1ccc(OC)cc1","2.121","-0.12","94.16132999999999","*Cc1ccc(OC)cc1","2.121","-0.12","94.16132999999999","No ligand","N/A","N/A","N/A","No ligand","N/A","N/A","N/A","No ligand","N/A","N/A","N/A","No ligand","N/A","N/A","N/A","No bridge","N/A","N/A","N/A"
"[Ti](Cl)Cl.COC1=CC(OC)=CC([C@H]([C@@H](C2=CC(OC)=CC(OC)=C2)c3cccc3)c4cccc4)=C1","M","*C(c1cc(OC)cc(OC)c1)","1.868","-0.104","115.05942","*Cc1cc(OC)cc(OC)c1","1.868","-0.104","115.05942","No ligand","N/A","N/A","N/A","No ligand","N/A","N/A","N/A","No ligand","N/A","N/A","N/A","No ligand","N/A","N/A","N/A","No bridge","N/A","N/A","N/A"
"[Ti](Cl)Cl.CC[C@@H](C1=CC=CC=C1OC)c2cccc2.CC[C@@H](C3=C(OC)C=CC=C3)c4cccc4","M","*C(CC)c1ccccc1OC","2.121","-0.191","121.87593000000003","*C(CC)c1ccccc1OC","2.121","-0.191","121.87593000000003","No ligand","N/A","N/A","N/A","No ligand","N/A","N/A","N/A","No ligand","N/A","N/A","N/A","No ligand","N/A","N/A","N/A","No bridge","N/A","N/A","N/A"
"[Ti](/[O+]=C(NC1=CC=C(Br)C=C1)\CC(C)(C)c2cccc2)Cl.c3cccc3.[Cl-]","M","*C(C)(C)CC(=[O+])Nc1ccc(Br)cc1","1.384","-0.042","157.87287","","0","0","1.32","No ligand","N/A","N/A","N/A","No ligand","N/A","N/A","N/A","No ligand","N/A","N/A","N/A","No ligand","N/A","N/A","N/A","No bridge","N/A","N/A","N/A"
"[Ti](/[O+]=C(NC1=CC=C(OC)C=C1)\CC(C)(C)c2cccc2)Cl.c3cccc3.[Cl-]","M","*C(C)(C)CC(=[O+])Nc1ccc(OC)cc1","1.384","-0.042","163.32768000000007","","0","0","1.32","No ligand","N/A","N/A","N/A","No ligand","N/A","N/A","N/A","No ligand","N/A","N/A","N/A","No ligand","N/A","N/A","N/A","No bridge","N/A","N/A","N/A"
"[Ti](/[O+]=C(NC1=CC=C(C)C=C1)\CC(C)(C)c2cccc2)Cl.c3cccc3.[Cl-]","M","*C(C)(C)CC(=[O+])Nc1ccc(C)cc1","1.384","-0.042","156.28689000000003","","0","0","1.32","No ligand","N/A","N/A","N/A","No ligand","N/A","N/A","N/A","No ligand","N/A","N/A","N/A","No ligand","N/A","N/A","N/A","No bridge","N/A","N/A","N/A"
"[Ti](/[O+]=C(NC1=CC(C=CC=C2)=C2C=C1)\CC(C)(C)c3cccc3)Cl.c4cccc4.[Cl-]","M","*C(C)(C)CC(=[O+])Nc1ccc2ccccc2c1","1.384","-0.042","174.99825000000004","","0","0","1.32","No ligand","N/A","N/A","N/A","No ligand","N/A","N/A","N/A","No ligand","N/A","N/A","N/A","No ligand","N/A","N/A","N/A","No bridge","N/A","N/A","N/A"
"[Ti](/[O+]=C(NC1=CC=C([N+]([O-])=O)C=C1)\CC(C)(C)c2cccc2)Cl.c3cccc3.[Cl-]","M","*C(C)(C)CC(=[O+])Nc1ccc([N+](=O)[O-])cc1","1.384","-0.042","163.20753000000002","","0","0","1.32","No ligand","N/A","N/A","N/A","No ligand","N/A","N/A","N/A","No ligand","N/A","N/A","N/A","No ligand","N/A","N/A","N/A","No bridge","N/A","N/A","N/A"
"[Ti](/[O+]=C(NC1=CC=C(CC)C=C1)\CC(C)(C)c2cccc2)Cl.c3cccc3.[Cl-]","M","*C(C)(C)CC(=[O+])Nc1ccc(CC)cc1","1.384","-0.042","170.14418999999998","","0","0","1.32","No ligand","N/A","N/A","N/A","No ligand","N/A","N/A","N/A","No ligand","N/A","N/A","N/A","No ligand","N/A","N/A","N/A","No bridge","N/A","N/A","N/A"
"[Ti](/[O+]=C(NC1=CC=C(OC(F)(F)F)C=C1)\CC(C)(C)c2cccc2)Cl.c3cccc3.[Cl-]","M","*C(C)(C)CC(=[O+])Nc1ccc(OC(F)(F)F)cc1","1.384","-0.042","177.91389000000004","","0","0","1.32","No ligand","N/A","N/A","N/A","No ligand","N/A","N/A","N/A","No ligand","N/A","N/A","N/A","No ligand","N/A","N/A","N/A","No bridge","N/A","N/A","N/A"
"[Ti](/[O+]=C(NC1=CC=C(CCC)C=C1)\CC(C)(C)c2cccc2)Cl.c3cccc3.[Cl-]","M","*C(C)(C)CC(=[O+])Nc1ccc(CCC)cc1","1.384","-0.042","184.00149000000005","","0","0","1.32","No ligand","N/A","N/A","N/A","No ligand","N/A","N/A","N/A","No ligand","N/A","N/A","N/A","No ligand","N/A","N/A","N/A","No bridge","N/A","N/A","N/A"
"[Ti](/[O+]=C(NC1=CC=C(F)C=C1)\CC(C)(C)c2cccc2)Cl.c3cccc3.[Cl-]","M","*C(C)(C)CC(=[O+])Nc1ccc(F)cc1","1.384","-0.042","147.29166000000004","","0","0","1.32","No ligand","N/A","N/A","N/A","No ligand","N/A","N/A","N/A","No ligand","N/A","N/A","N/A","No ligand","N/A","N/A","N/A","No bridge","N/A","N/A","N/A"
"[Ti](Cl)Cl.CN1C2=C(C=CC=C2)C(CN(CC)CC)=C1Cc3cccc3.CN4C(Cc5cccc5)=C(CN(CC)CC)C6=C4C=CC=C6","M","*Cc1c(CN(CC)CC)c2ccccc2n1C","1.447","-0.033","180.99773999999996","*Cc1c(CN(CC)CC)c2ccccc2n1C","1.447","-0.033","180.99773999999996","No ligand","N/A","N/A","N/A","No ligand","N/A","N/A","N/A","No ligand","N/A","N/A","N/A","No ligand","N/A","N/A","N/A","No bridge","N/A","N/A","N/A"
"[Ti](Cl)Cl.CN1C2=C(C=C(OC)C=C2)C(CN(CC)CC)=C1c3cccc3.CN4C(Cc5cccc5)=C(CN(CC)CC)C6=C4C=CC(OC)=C6","M","*c1c(CN(CC)CC)c2cc(OC)ccc2n1C","1.262","0.024","188.03852999999998","*Cc1c(CN(CC)CC)c2cc(OC)ccc2n1C","1.447","-0.033","201.89582999999993","No ligand","N/A","N/A","N/A","No ligand","N/A","N/A","N/A","No ligand","N/A","N/A","N/A","No ligand","N/A","N/A","N/A","No bridge","N/A","N/A","N/A"
"[Ti](Cl)Cl.CN1C=C(CN(CC)CC)C(C1=CC=C2)=C2Cc3cccc3.CN(C=C4CN(CC)CC)C5=C4C(Cc6cccc6)=CC=C5","M","*Cc1cccc2c1c(CN(CC)CC)cn2C","2.374","-0.112","180.99773999999996","*Cc1cccc2c1c(CN(CC)CC)cn2C","2.374","-0.112","180.99773999999996","No ligand","N/A","N/A","N/A","No ligand","N/A","N/A","N/A","No ligand","N/A","N/A","N/A","No ligand","N/A","N/A","N/A","No bridge","N/A","N/A","N/A"
"[Ti](Cl)Cl.CN1C2=C(C=C(Br)C=C2)C(Cc3cccc3)=C1.CN4C=C(Cc5cccc5)C6=C4C=CC(Br)=C6","M","*Cc1cn(C)c2ccc(Br)cc12","1.929","-0.201","118.34352","*Cc1cn(C)c2ccc(Br)cc12","1.929","-0.201","118.34352","No ligand","N/A","N/A","N/A","No ligand","N/A","N/A","N/A","No ligand","N/A","N/A","N/A","No ligand","N/A","N/A","N/A","No bridge","N/A","N/A","N/A"
"[Ti](Cl)Cl.CN1C2=C(C=C(Cl)C=C2)C(Cc3cccc3)=C1.CN4C=C(Cc5cccc5)C6=C4C=CC(Cl)=C6","M","*Cc1cn(C)c2ccc(Cl)cc12","1.929","-0.201","115.08345","*Cc1cn(C)c2ccc(Cl)cc12","1.929","-0.201","115.08345","No ligand","N/A","N/A","N/A","No ligand","N/A","N/A","N/A","No ligand","N/A","N/A","N/A","No ligand","N/A","N/A","N/A","No bridge","N/A","N/A","N/A"
"[Ti](Cl)Cl.CN1C2=C(C=C(F)C=C2)C(Cc3cccc3)=C1.CN4C=C(Cc5cccc5)C6=C4C=CC(F)=C6","M","*Cc1cn(C)c2ccc(F)cc12","1.929","-0.201","107.76231000000001","*Cc1cn(C)c2ccc(F)cc12","1.929","-0.201","107.76231000000001","No ligand","N/A","N/A","N/A","No ligand","N/A","N/A","N/A","No ligand","N/A","N/A","N/A","No ligand","N/A","N/A","N/A","No bridge","N/A","N/A","N/A"
"[Ti](Cl)Cl.CN1C2=C(C=CC=C2)C(CN(C)C)=C1Cc3cccc3.CN4C(Cc5cccc5)=C(CN(C)C)C6=C4C=CC=C6","M","*Cc1c(CN(C)C)c2ccccc2n1C","1.447","-0.033","153.28313999999995","*Cc1c(CN(C)C)c2ccccc2n1C","1.447","-0.033","153.28313999999995","No ligand","N/A","N/A","N/A","No ligand","N/A","N/A","N/A","No ligand","N/A","N/A","N/A","No ligand","N/A","N/A","N/A","No bridge","N/A","N/A","N/A"
"[Ti](Cl)Cl.CN1C2=C(C=CC=C2)C=C1Cc3cccc3.CN4C(Cc5cccc5)=CC6=C4C=CC=C6","M","*Cc1cc2ccccc2n1C","1.447","-0.033","102.90023999999997","*Cc1cc2ccccc2n1C","1.447","-0.033","102.90023999999997","No ligand","N/A","N/A","N/A","No ligand","N/A","N/A","N/A","No ligand","N/A","N/A","N/A","No ligand","N/A","N/A","N/A","No bridge","N/A","N/A","N/A"
"[Ti](Cl)Cl.CN1C2=C(C=C(OC)C=C2)C=C1Cc3cccc3.CN4C(Cc5cccc5)=CC6=C4C=CC(OC)=C6","M","*Cc1cc2cc(OC)ccc2n1C","1.447","-0.033","123.79833","*Cc1cc2cc(OC)ccc2n1C","1.447","-0.033","123.79833","No ligand","N/A","N/A","N/A","No ligand","N/A","N/A","N/A","No ligand","N/A","N/A","N/A","No ligand","N/A","N/A","N/A","No bridge","N/A","N/A","N/A"
"[Ti](Cl)Cl.CN1C2=C(C=CC=C2)C(Cc3cccc3)=C1.CN4C=C(Cc5cccc5)C6=C4C=CC=C6","M","*Cc1cn(C)c2ccccc12","1.929","-0.201","102.90023999999997","*Cc1cn(C)c2ccccc12","1.929","-0.201","102.90023999999997","No ligand","N/A","N/A","N/A","No ligand","N/A","N/A","N/A","No ligand","N/A","N/A","N/A","No ligand","N/A","N/A","N/A","No bridge","N/A","N/A","N/A"
"[Ti](Cl)Cl.CN1C2=C(C=C(OC)C=C2)C(Cc3cccc3)=C1.CN4C=C(Cc5cccc5)C6=C4C=CC(OC)=C6","M","*Cc1cn(C)c2ccc(OC)cc12","1.929","-0.201","123.79833","*Cc1cn(C)c2ccc(OC)cc12","1.929","-0.201","123.79833","No ligand","N/A","N/A","N/A","No ligand","N/A","N/A","N/A","No ligand","N/A","N/A","N/A","No ligand","N/A","N/A","N/A","No bridge","N/A","N/A","N/A"
"[Ti](Cl)Cl.COCN1C2=C(C=CC=C2)C(Cc3cccc3)=C1.COCN4C=C(Cc5cccc5)C6=C4C=CC=C6","M","*Cc1cn(COC)c2ccccc12","1.929","-0.201","123.79833","*Cc1cn(COC)c2ccccc12","1.929","-0.201","123.79833","No ligand","N/A","N/A","N/A","No ligand","N/A","N/A","N/A","No ligand","N/A","N/A","N/A","No ligand","N/A","N/A","N/A","No bridge","N/A","N/A","N/A"
"[Ti](Cl)Cl.CN1C2=C(C=CC=C2)C=C1C(N(C)C)c3cccc3.CN4C(C(N(C)C)c5cccc5)=CC6=C4C=CC=C6","M","*C(c1cc2ccccc2n1C)N(C)C","1.447","-0.033","139.42584","*C(c1cc2ccccc2n1C)N(C)C","1.447","-0.033","139.42584","No ligand","N/A","N/A","N/A","No ligand","N/A","N/A","N/A","No ligand","N/A","N/A","N/A","No ligand","N/A","N/A","N/A","No bridge","N/A","N/A","N/A"
"[Ti](Cl)Cl.CN1C2=C(C=C(OC)C=C2)C=C1C(N(C)C)c3cccc3.CN4C(C(N(C)C)c5cccc5)=CC6=C4C=CC(OC)=C6","M","*C(c1cc2cc(OC)ccc2n1C)N(C)C","1.447","-0.033","160.32392999999996","*C(c1cc2cc(OC)ccc2n1C)N(C)C","1.447","-0.033","160.32392999999996","No ligand","N/A","N/A","N/A","No ligand","N/A","N/A","N/A","No ligand","N/A","N/A","N/A","No ligand","N/A","N/A","N/A","No bridge","N/A","N/A","N/A"
"[Ti](Cl)Cl.CN(C(C1=CC(C=CC=C2)=C2N1CN(C)C)c3cccc3)C.CN(C(C4=CC5=C(C=CC=C5)N4CN(C)C)c6cccc6)C","M","*C(c1cc2ccccc2n1CN(C)C)N(C)C","1.447","-0.033","175.95144000000005","*C(c1cc2ccccc2n1CN(C)C)N(C)C","1.447","-0.033","175.95144000000005","No ligand","N/A","N/A","N/A","No ligand","N/A","N/A","N/A","No ligand","N/A","N/A","N/A","No ligand","N/A","N/A","N/A","No bridge","N/A","N/A","N/A"
"[Ti](Cl)Cl.CC(CC(O[C@@H]1CC2=CC[C@]([C@@](CC[C@@H]3[C@H](C)CC[C@@H](C(C)C)CC)([H])[C@]3(C)CC4)([H])[C@@]4([H])[C@@]2(C)CC1)=O)(C)c5cccc5.c6cccc6","M","*C(C)(C)CC(=O)OC1CCC2(C)C(=CCC3([H])C2([H])CCC2(C)C(C(C)CCC(CC)C(C)C)CCC32[H])C1","1.084","-0.055","442.6363799999999","","0","0","1.32","No ligand","N/A","N/A","N/A","No ligand","N/A","N/A","N/A","No ligand","N/A","N/A","N/A","No ligand","N/A","N/A","N/A","No bridge","N/A","N/A","N/A"
"[Ti](Cl)Cl.CC(CC(O[C@@H]1CC2=CC[C@]([C@@](CC[C@@H]3C(C)=O)([H])[C@]3(C)CC4)([H])[C@@]4([H])[C@@]2(C)CC1)=O)(C)c5cccc5.c6cccc6","M","*C(C)(C)CC(=O)OC1CCC2(C)C(=CCC3([H])C2([H])CCC2(C)C(C(C)=O)CCC32[H])C1","1.084","-0.055","336.70412999999996","","0","0","1.32","No ligand","N/A","N/A","N/A","No ligand","N/A","N/A","N/A","No ligand","N/A","N/A","N/A","No ligand","N/A","N/A","N/A","No bridge","N/A","N/A","N/A"
"[Ti](Cl)Cl.CC(CC(O[C@@H]1CC2=CC[C@]([C@@](CC[C@@H]3[C@H](C)CCCC(C)C)([H])[C@]3(C)CC4)([H])[C@@]4([H])[C@@]2(C)CC1)=O)(C)c5cccc5.c6cccc6","M","*C(C)(C)CC(=O)OC1CCC2(C)C(=CCC3([H])C2([H])CCC2(C)C(C(C)CCCC(C)C)CCC32[H])C1","1.084","-0.055","414.92177999999984","","0","0","1.32","No ligand","N/A","N/A","N/A","No ligand","N/A","N/A","N/A","No ligand","N/A","N/A","N/A","No ligand","N/A","N/A","N/A","No bridge","N/A","N/A","N/A"
"[Ti](Cl)Cl.CC(CC(O[C@@H]1CC2=CC[C@]([C@@](CCC3=O)([H])[C@]3(C)CC4)([H])[C@@]4([H])[C@@]2(C)CC1)=O)(C)c5cccc5.c6cccc6","M","*C(C)(C)CC(=O)OC1CCC2(C)C(=CCC3([H])C4([H])CCC(=O)C4(C)CCC23[H])C1","1.084","-0.055","308.98953","","0","0","1.32","No ligand","N/A","N/A","N/A","No ligand","N/A","N/A","N/A","No ligand","N/A","N/A","N/A","No ligand","N/A","N/A","N/A","No bridge","N/A","N/A","N/A"
"[Ti](Cl)Cl.CC(CC(O[C@@H]1CC(CC[C@]2([H])[C@]3([H])CC[C@@]4(C)[C@@]2([H])CCC4=O)[C@]3(C)CC1)=O)(C)c5cccc5.c6cccc6","M","*C(C)(C)CC(=O)OC1CCC2(C)C(CCC3([H])C4([H])CCC(=O)C4(C)CCC23[H])C1","1.084","-0.055","311.10417","","0","0","1.32","No ligand","N/A","N/A","N/A","No ligand","N/A","N/A","N/A","No ligand","N/A","N/A","N/A","No ligand","N/A","N/A","N/A","No bridge","N/A","N/A","N/A"
"[Ti](Cl)Cl.CC(CC(O[C@H]1CC(CC[C@]2([H])[C@]3([H])CC[C@@]4(C)[C@@]2([H])CCC4=O)[C@]3(C)CC1)=O)(C)c5cccc5.c6cccc6","M","*C(C)(C)CC(=O)OC1CCC2(C)C(CCC3([H])C4([H])CCC(=O)C4(C)CCC23[H])C1","1.084","-0.055","311.10417","","0","0","1.32","No ligand","N/A","N/A","N/A","No ligand","N/A","N/A","N/A","No ligand","N/A","N/A","N/A","No ligand","N/A","N/A","N/A","No bridge","N/A","N/A","N/A"
"[Ti](Cl)Cl.CC(CC(O[C@@H]1CC(CC[C@]2([H])[C@]3([H])CC[C@@]4(C)[C@@]2([H])CC[C@@H]4[C@H](C)CCCC(C)C)[C@]3(C)CC1)=O)(C)c5cccc5.c6cccc6","M","*C(C)(C)CC(=O)OC1CCC2(C)C(CCC3([H])C2([H])CCC2(C)C(C(C)CCCC(C)C)CCC23[H])C1","1.084","-0.055","417.0364199999999","","0","0","1.32","No ligand","N/A","N/A","N/A","No ligand","N/A","N/A","N/A","No ligand","N/A","N/A","N/A","No ligand","N/A","N/A","N/A","No bridge","N/A","N/A","N/A"
"CC(C)O[Ti]1(OC2=C3C=C(C)C(C)=C2)(OC(C)C)([N](C4)(C)CC[N]1(C3)C)OC5=C4C=C(C)C(C)=C5","ONNO","*C","0.76","-0.134","15.094619999999999","","0","0","1.32","*C","0.76","-0.134","15.094619999999999","*C","0.76","-0.134","15.094619999999999","","0","0","1.32","","0","0","1.32","*CC*","-0.338","-0.08","11.5"
"CC(C)O[Ti]1(OC2=C3C=C(C)C=C2C)(OC(C)C)([N](C4)(C)CC[N]1(C3)C)OC5=C4C=C(C)C=C5C","ONNO","*C","0.76","-0.134","15.094619999999999","","0","0","1.32","*C","0.76","-0.134","15.094619999999999","","0","0","1.32","*C","0.76","-0.134","15.094619999999999","","0","0","1.32","*CC*","-0.338","-0.08","11.5"
"CC(C)O[Ti]1(OC2=C3C=C(C(C)(C)C)C=C2C(C)(C)C)(OC(C)C)([N](C4)(C)CC[N]1(C3)C)OC5=C4C=C(C(C)(C)C)C=C5C(C)(C)C","ONNO","*C","0.76","-0.134","15.094619999999999","","0","0","1.32","*C(C)(C)C","1.92","-0.15","56.66652","","0","0","1.32","*C(C)(C)C","1.92","-0.15","56.66652","","0","0","1.32","*CC*","-0.338","-0.08","11.5"
"CC(C)O[Ti]1(OC2=C3C=C(C)C(C)=C2)(OC(C)C)([N](C4)(CC)CC[N]1(C3)CC)OC5=C4C=C(C)C(C)=C5","ONNO","*CC","1.157","-0.133","28.95192","","0","0","1.32","*C","0.76","-0.134","15.094619999999999","*C","0.76","-0.134","15.094619999999999","","0","0","1.32","","0","0","1.32","*CC*","-0.338","-0.08","11.5"
"FC1=CC(O[Ti]2(OC(C)C)(OC(C)C)([N](C3)(C)CC[N]2(C4)C)OC5=C3C(F)=CC(F)=C5)=C4C(F)=C1","ONNO","*C","0.76","-0.134","15.094619999999999","*F","0.379","0.064","6.0993900000000005","","0","0","1.32","*F","0.379","0.064","6.0993900000000005","","0","0","1.32","","0","0","1.32","*CC*","-0.338","-0.08","11.5"
"ClC1=CC(O[Ti]2(OC(C)C)(OC(C)C)([N](C3)(C)CC[N]2(C4)C)OC5=C3C(Cl)=CC(Cl)=C5)=C4C(Cl)=C1","ONNO","*C","0.76","-0.134","15.094619999999999","*Cl","0.758","0.168","13.420530000000001","","0","0","1.32","*Cl","0.758","0.168","13.420530000000001","","0","0","1.32","","0","0","1.32","*CC*","-0.338","-0.08","11.5"
"BrC1=CC(O[Ti]2(OC(C)C)(OC(C)C)([N](C3)(C)CC[N]2(C4)C)OC5=C3C(Br)=CC(Br)=C5)=C4C(Br)=C1","ONNO","*C","0.76","-0.134","15.094619999999999","*Br","1.032","0.241","16.680600000000002","","0","0","1.32","*Br","1.032","0.241","16.680600000000002","","0","0","1.32","","0","0","1.32","*CC*","-0.338","-0.08","11.5"
"CC(C)(C)C1=CC(O[Ti]2(OC(C)C)(OC(C)C)([N](C3)(C)CC[N]2(C4)C)OC5=C4C=CC(C(C)(C)C)=C5)=C3C=C1","ONNO","*C","0.76","-0.134","15.094619999999999","","0","0","1.32","","0","0","1.32","*C(C)(C)C","1.92","-0.15","56.66652","","0","0","1.32","","0","0","1.32","*CC*","-0.338","-0.08","11.5"
"C[N]1(C2)[Ti](OC3=C4C=C(C)C(C)=C3)(OC5=C6C=CC=C5)(O6)([N](C4)(C)CC1)OC7=C2C=C(C)C(C)=C7","ONNO","*C","0.76","-0.134","15.094619999999999","","0","0","1.32","*C","0.76","-0.134","15.094619999999999","*C","0.76","-0.134","15.094619999999999","","0","0","1.32","","0","0","1.32","*CC*","-0.338","-0.08","11.5"
"[Ti](Cl)Cl.CCC(C1=CC=CC=C1OC)c2cccc2.CCC(C3=C(OC)C=CC=C3)c4cccc4","M","*C(CC)c1ccccc1OC","2.121","-0.191","121.87593000000003","*C(CC)c1ccccc1OC","2.121","-0.191","121.87593000000003","No ligand","N/A","N/A","N/A","No ligand","N/A","N/A","N/A","No ligand","N/A","N/A","N/A","No ligand","N/A","N/A","N/A","No bridge","N/A","N/A","N/A"
"[Ti](Cl)Cl.CCCCC(C1=CC=CC=C1OC)c2cccc2.CCCCC(C3=C(OC)C=CC=C3)c4cccc4","M","*C(CCCC)c1ccccc1OC","2.121","-0.191","149.59052999999997","*C(CCCC)c1ccccc1OC","2.121","-0.191","149.59052999999997","No ligand","N/A","N/A","N/A","No ligand","N/A","N/A","N/A","No ligand","N/A","N/A","N/A","No ligand","N/A","N/A","N/A","No bridge","N/A","N/A","N/A"
"[Ti](Cl)Cl.CC(C)CC(C1=CC=CC=C1OC)c2cccc2.CC(C)CC(C3=C(OC)C=CC=C3)c4cccc4","M","*C(CC(C)C)c1ccccc1OC","2.121","-0.191","149.59052999999997","*C(CC(C)C)c1ccccc1OC","2.121","-0.191","149.59052999999997","No ligand","N/A","N/A","N/A","No ligand","N/A","N/A","N/A","No ligand","N/A","N/A","N/A","No ligand","N/A","N/A","N/A","No bridge","N/A","N/A","N/A"
"[Ti](Cl)Cl.C=CCC(C1=CC=CC=C1OC)c2cccc2.C=CCC(C3=C(OC)C=CC=C3)c4cccc4","M","*C(CC=C)c1ccccc1OC","2.121","-0.191","133.61859000000007","*C(CC=C)c1ccccc1OC","2.121","-0.191","133.61859000000007","No ligand","N/A","N/A","N/A","No ligand","N/A","N/A","N/A","No ligand","N/A","N/A","N/A","No ligand","N/A","N/A","N/A","No bridge","N/A","N/A","N/A"
"[Ti](Cl)Cl.CC(C1=CC=CC=C1OC)c2cccc2.CC(C3=C(OC)C=CC=C3)c4cccc4","M","*C(C)c1ccccc1OC","2.121","-0.191","108.01863000000002","*C(C)c1ccccc1OC","2.121","-0.191","108.01863000000002","No ligand","N/A","N/A","N/A","No ligand","N/A","N/A","N/A","No ligand","N/A","N/A","N/A","No ligand","N/A","N/A","N/A","No bridge","N/A","N/A","N/A"
"[Ti](Cl)Cl.COC1=CC=CC=C1C(C2=CC=CC=C2)c3cccc3.COC(C=CC=C4)=C4C(C5=CC=CC=C5)c6cccc6","M","*C(c1ccccc1)c1ccccc1OC","2.121","-0.191","152.32995","*C(c1ccccc1)c1ccccc1OC","2.121","-0.191","152.32995","No ligand","N/A","N/A","N/A","No ligand","N/A","N/A","N/A","No ligand","N/A","N/A","N/A","No ligand","N/A","N/A","N/A","No bridge","N/A","N/A","N/A"
"C[N]12[Ti]34(OC5=C(C=C(C)C=C5C)C2)(OC6=C(C)C=C(C)C=C6C[N]3(C)CC(C=C(C)C=C7C)=C7O4)OC8=C(C)C=C(C)C=C8C1","ONO","*C","0.76","-0.134","15.094619999999999","","0","0","1.32","*C","0.76","-0.134","15.094619999999999","","0","0","1.32","*C","0.76","-0.134","15.094619999999999","","0","0","1.32","No bridge","N/A","N/A","N/A"
"C[N]12[Ti]34(OC5=C(C=C(C)C=C5OC)C2)(OC6=C(OC)C=C(C)C=C6C[N]3(C)CC(C=C(C)C=C7OC)=C7O4)OC8=C(OC)C=C(C)C=C8C1","ONO","*C","0.76","-0.134","15.094619999999999","","0","0","1.32","*C","0.76","-0.134","15.094619999999999","","0","0","1.32","*OC","-0.013","-0.251","22.135409999999997","","0","0","1.32","No bridge","N/A","N/A","N/A"
"CC[N]12[Ti]34(OC5=C(C=C(C)C=C5OC)C2)(OC6=C(OC)C=C(C)C=C6C[N]3(CC)CC(C=C(C)C=C7OC)=C7O4)OC8=C(OC)C=C(C)C=C8C1","ONO","*CC","1.157","-0.133","28.95192","","0","0","1.32","*C","0.76","-0.134","15.094619999999999","","0","0","1.32","*OC","-0.013","-0.251","22.135409999999997","","0","0","1.32","No bridge","N/A","N/A","N/A"
"C[N]12[Ti]34(OC5=C(C=C(OC)C=C5C)C2)(OC6=C(C)C=C(OC)C=C6C[N]3(C)CC(C=C(OC)C=C7C)=C7O4)OC8=C(C)C=C(OC)C=C8C1","ONO","*C","0.76","-0.134","15.094619999999999","","0","0","1.32","*OC","-0.013","-0.251","22.135409999999997","","0","0","1.32","*C","0.76","-0.134","15.094619999999999","","0","0","1.32","No bridge","N/A","N/A","N/A"
"C[N]12[Ti]34(OC5=C(C=C(OC)C=C5OC)C2)(OC6=C(OC)C=C(OC)C=C6C[N]3(C)CC(C=C(OC)C=C7OC)=C7O4)OC8=C(OC)C=C(OC)C=C8C1","ONO","*C","0.76","-0.134","15.094619999999999","","0","0","1.32","*OC","-0.013","-0.251","22.135409999999997","","0","0","1.32","*OC","-0.013","-0.251","22.135409999999997","","0","0","1.32","No bridge","N/A","N/A","N/A"
"FC1=CC2=C(O[Ti]345(OC6=C(C)C=C(F)C=C6C[N]4(C)CC(C=C(F)C=C7C)=C7O5)OC8=C(C)C=C(F)C=C8C[N]3(C2)C)C(C)=C1","ONO","*C","0.76","-0.134","15.094619999999999","","0","0","1.32","*F","0.379","0.064","6.0993900000000005","","0","0","1.32","*C","0.76","-0.134","15.094619999999999","","0","0","1.32","No bridge","N/A","N/A","N/A"
"ClC1=CC2=C(O[Ti]345(OC6=C(Cl)C=C(Cl)C=C6C[N]4(C)CC(C=C(Cl)C=C7Cl)=C7O5)OC8=C(Cl)C=C(Cl)C=C8C[N]3(C2)C)C(Cl)=C1","ONO","*C","0.76","-0.134","15.094619999999999","","0","0","1.32","*Cl","0.758","0.168","13.420530000000001","","0","0","1.32","*Cl","0.758","0.168","13.420530000000001","","0","0","1.32","No bridge","N/A","N/A","N/A"
"C[N]12[Ti]34(OC5=C(C=C(C)C=C5OCC)C2)(OC6=C(OCC)C=C(C)C=C6C[N]3(C)CC(C=C(C)C=C7OCC)=C7O4)OC8=C(OCC)C=C(C)C=C8C1","ONO","*C","0.76","-0.134","15.094619999999999","","0","0","1.32","*C","0.76","-0.134","15.094619999999999","","0","0","1.32","*OCC","0.33","-0.269","35.992709999999995","","0","0","1.32","No bridge","N/A","N/A","N/A"
"C=CCC1=CC2=C(O[Ti]345(OC6=C(OC)C=C(CC=C)C=C6C[N]4(C)CC(C=C(CC=C)C=C7OC)=C7O5)OC8=C(OC)C=C(CC=C)C=C8C[N]3(C2)C)C(OC)=C1","ONO","*C","0.76","-0.134","15.094619999999999","","0","0","1.32","*CC=C","1.338","-0.11","40.69458","","0","0","1.32","*OC","-0.013","-0.251","22.135409999999997","","0","0","1.32","No bridge","N/A","N/A","N/A"
"CCC1=CC2=C(O[Ti]345(OC6=C(OC)C=C(CC)C=C6C[N]4(C)CC(C=C(CC)C=C7OC)=C7O5)OC8=C(OC)C=C(CC)C=C8C[N]3(C2)C)C(OC)=C1","ONO","*C","0.76","-0.134","15.094619999999999","","0","0","1.32","*CC","1.157","-0.133","28.95192","","0","0","1.32","*OC","-0.013","-0.251","22.135409999999997","","0","0","1.32","No bridge","N/A","N/A","N/A"
"CCCC1=CC2=C(O[Ti]345(OC6=C(OC)C=C(CCC)C=C6C[N]4(C)CC(C=C(CCC)C=C7OC)=C7O5)OC8=C(OC)C=C(CCC)C=C8C[N]3(C2)C)C(OC)=C1","ONO","*C","0.76","-0.134","15.094619999999999","","0","0","1.32","*CCC","1.553","-0.131","42.80921999999999","","0","0","1.32","*OC","-0.013","-0.251","22.135409999999997","","0","0","1.32","No bridge","N/A","N/A","N/A"
"O=CC1=CC(OC)=C2O[Ti]345(OC6=C(OC)C=C(C=O)C=C6C[N]4(C)CC(C=C(C=O)C=C7OC)=C7O5)OC8=C(C=C(C=O)C=C8OC)C[N]3(C)CC2=C1","ONO","*C","0.76","-0.134","15.094619999999999","","0","0","1.32","*C=O","-0.42","0.394","20.020770000000002","","0","0","1.32","*OC","-0.013","-0.251","22.135409999999997","","0","0","1.32","No bridge","N/A","N/A","N/A"
"CC1=CC2=C(O[Ti]345(OC6=C(OC)C=C(CC=C)C=C6C[N@]4(C)CC(C=C(C)C=C7OC)=C7O5)OC8=C(OC)C=C(CC=C)C=C8C[N@]3(C2)C)C(OC)=C1","ONO","*C","0.76","-0.134","15.094619999999999","","0","0","1.32","*CC=C","1.338","-0.11","40.69458","","0","0","1.32","*OC","-0.013","-0.251","22.135409999999997","","0","0","1.32","No bridge","N/A","N/A","N/A"
"O=[Ti]1(OC(C2)=O)([N@@]3(CC4=CC=CC=C4O)CC5=O)(O5)[N@@]2(CC3)CC(C=CC=C6)=C6O1","ONNO","*CC(=O)O","-0.282","0.083","40.91886","","0","0","1.32","","0","0","1.32","","0","0","1.32","","0","0","1.32","","0","0","1.32","*CC*","-0.338","-0.08","11.5"
"CC1=CC(Br)=C2O[Ti]3(OC4=C(Br)C=C(C)C=C4C5)(OC(C)C)(OC(C)C)[N]6(CC2=C1)C(CCC6)C7[N@@]35CCC7","ONNO","*CCC","1.553","-0.131","42.80921999999999","","0","0","1.32","*C","0.76","-0.134","15.094619999999999","","0","0","1.32","*Br","1.032","0.241","16.680600000000002","","0","0","1.32","*CCCC(*)C(*)CCC*","0.851","-0.126","47.0"
"CC1=CC(Br)=C2O[Ti]3(OC4=C(Br)C=C(C)C=C4C5)(OC(C)C)(OC(C)C)[N]6(CC2=C1)C(CCC6)C7[N@]35CCC7","ONNO","*CCC","1.553","-0.131","42.80921999999999","","0","0","1.32","*C","0.76","-0.134","15.094619999999999","","0","0","1.32","*Br","1.032","0.241","16.680600000000002","","0","0","1.32","*CCCC(*)C(*)CCC*","0.851","-0.126","47.0"
"CC1=CC2=C(O[Ti]([N@@]3([H])C2)(OC(C(Br)=CC(C)=C4)=C4C5)(OC(C)C)(OC(C)C)[N]5([H])[C@@H]6[C@H]3CCCC6)C(Br)=C1","ONNO","","0","0","1.32","","0","0","1.32","*C","0.76","-0.134","15.094619999999999","","0","0","1.32","*Br","1.032","0.241","16.680600000000002","","0","0","1.32","*[C@H]1CCCC[C@H]1*","0.839","-0.229","34.0"
"CC1=CC2=C(O[Ti]([N@]3([H])C2)(OC(C(Br)=CC(C)=C4)=C4C5)(OC(C)C)(OC(C)C)[N]5([H])[C@H]6[C@@H]3CCCC6)C(Br)=C1","ONNO","","0","0","1.32","","0","0","1.32","*C","0.76","-0.134","15.094619999999999","","0","0","1.32","*Br","1.032","0.241","16.680600000000002","","0","0","1.32","*[C@H]1CCCC[C@H]1*","0.839","-0.229","34.0"
"CC1=CC2=C(O[Ti]([N@@]3([H])C2)(OC(C=CC(C)=C4)=C4C5)(OC(C)C)(OC(C)C)[N]5([H])[C@@H]6[C@H]3CCCC6)C=C1","ONNO","","0","0","1.32","","0","0","1.32","*C","0.76","-0.134","15.094619999999999","","0","0","1.32","","0","0","1.32","","0","0","1.32","*[C@H]1CCCC[C@H]1*","0.839","-0.229","34.0"
"CC1=CC2=C(O[Ti]([N@]3([H])C2)(OC(C=CC(C)=C4)=C4C5)(OC(C)C)(OC(C)C)[N]5([H])[C@H]6[C@@H]3CCCC6)C=C1","ONNO","","0","0","1.32","","0","0","1.32","*C","0.76","-0.134","15.094619999999999","","0","0","1.32","","0","0","1.32","","0","0","1.32","*[C@H]1CCCC[C@H]1*","0.839","-0.229","34.0"
"CC1=CC2=C(O[Ti]34(OCC5)(O6)OCC[N@@]3(C2)CC[N@@]45CC7=C6C=C(C)C(C)=C7)C=C1C","ONNO","*CCO","0.009","-0.05","35.992709999999995","","0","0","1.32","*C","0.76","-0.134","15.094619999999999","*C","0.76","-0.134","15.094619999999999","","0","0","1.32","","0","0","1.32","*CC*","-0.338","-0.08","11.5"
"FC1=CC2=C(O[Ti]34(OCC5)(O6)OCC[N@@]3(C2)CC[N@@]45CC7=C6C(Cl)=CC(F)=C7)C(Cl)=C1","ONNO","*CCO","0.009","-0.05","35.992709999999995","","0","0","1.32","*F","0.379","0.064","6.0993900000000005","","0","0","1.32","*Cl","0.758","0.168","13.420530000000001","","0","0","1.32","*CC*","-0.338","-0.08","11.5"
"O=[N+](C1=CC2=C(O[Ti]34(OCC5)(O6)OCC[N@@]3(C2)CC[N@@]45CC7=C6C=CC([N+]([O-])=O)=C7)C=C1)[O-]","ONNO","*CCO","0.009","-0.05","35.992709999999995","","0","0","1.32","*[N+](=O)[O-]","0.165","0.864","22.015260000000005","","0","0","1.32","","0","0","1.32","","0","0","1.32","*CC*","-0.338","-0.08","11.5"
"CC1=CC=CC(C)=C1O[Ti]23(OC4=CC=C(C)C=C4C=[N]3C5=C6C=CC=C5)(OC7=C(C)C=CC=C7C)[N]6=CC8=CC(C)=CC=C8O2","ONNOen","No ligand","N/A","N/A","N/A","","0","0","1.32","*C","0.76","-0.134","15.094619999999999","","0","0","1.32","","0","0","1.32","","0","0","1.32","*c1ccccc1*","1.194","-0.104","26.5"
"CC1=CC=CC(C)=C1O[Ti]23(OC4=CC=CC=C4C=[N]3C5=C6C=CC=C5)(OC7=C(C)C=CC=C7C)[N]6=CC8=CC=CC=C8O2","ONNOen","No ligand","N/A","N/A","N/A","","0","0","1.32","","0","0","1.32","","0","0","1.32","","0","0","1.32","","0","0","1.32","*c1ccccc1*","1.194","-0.104","26.5"
"CC1=CC=CC(C)=C1O[Ti]23(OC4=CC=C(Cl)C=C4C=[N]3C5=C6C=CC=C5)(OC7=C(C)C=CC=C7C)[N]6=CC8=CC(Cl)=CC=C8O2","ONNOen","No ligand","N/A","N/A","N/A","","0","0","1.32","*Cl","0.758","0.168","13.420530000000001","","0","0","1.32","","0","0","1.32","","0","0","1.32","*c1ccccc1*","1.194","-0.104","26.5"
"CC1=CC=CC(C)=C1O[Ti]23(OC4=C(Cl)C=CC=C4C=[N]3C5=C6C=CC=C5)(OC7=C(C)C=CC=C7C)[N]6=CC8=CC=CC(Cl)=C8O2","ONNOen","No ligand","N/A","N/A","N/A","","0","0","1.32","","0","0","1.32","","0","0","1.32","*Cl","0.758","0.168","13.420530000000001","","0","0","1.32","*c1ccccc1*","1.194","-0.104","26.5"
"C[N]1(C2)[Ti]3(OC(C)C)(OC(C)C)(OC4=C2C=C([N+]([O-])=O)C=C4)OC5=CC=CC=C5C=[N]3CC1.C.C","ONNOalen","*C","0.76","-0.134","15.094619999999999","","0","0","1.32","*[N+](=O)[O-]","0.165","0.864","22.015260000000005","","0","0","1.32","","0","0","1.32","","0","0","1.32","*CC*","-0.338","-0.08","11.5"
"C[N]1(C2)[Ti]3(OC(C)C)(OC(C)C)(OC4=C2C=C([N+]([O-])=O)C=C4)OC5=C(C(C)(C)C)C=C(C(C)(C)C)C=C5C=[N]3CC1","ONNOalen","No ligand","N/A","N/A","N/A","","0","0","1.32","*C(C)(C)C","1.92","-0.15","56.66652","","0","0","1.32","*C(C)(C)C","1.92","-0.15","56.66652","","0","0","1.32","*CC*","-0.338","-0.08","11.5"
"C[N]1(C2)[Ti]3(OC(C)C)(OC(C)C)(OC4=C2C=C([N+]([O-])=O)C=C4)OC5=C(F)C=C(F)C=C5C=[N]3CC1","ONNOalen","*C","0.76","-0.134","15.094619999999999","","0","0","1.32","*[N+](=O)[O-]","0.165","0.864","22.015260000000005","","0","0","1.32","","0","0","1.32","","0","0","1.32","*CC*","-0.338","-0.08","11.5"
"C[N]1(C2)[Ti]34(OC5=C(C=CC=C5)O4)(OC6=C2C=C([N+]([O-])=O)C=C6)OC7=CC=CC=C7C=[N]3CC1","ONNOalen","*C","0.76","-0.134","15.094619999999999","","0","0","1.32","*[N+](=O)[O-]","0.165","0.864","22.015260000000005","","0","0","1.32","","0","0","1.32","","0","0","1.32","*CC*","-0.338","-0.08","11.5"
"C[N]1(C2)[Ti]34(OC5=C(C=CC=C5)O4)(OC6=C2C=C([N+]([O-])=O)C=C6)OC7=C(C(C)(C)C)C=C(C(C)(C)C)C=C7C=[N]3CC1","ONNOalen","No ligand","N/A","N/A","N/A","","0","0","1.32","*C(C)(C)C","1.92","-0.15","56.66652","","0","0","1.32","*C(C)(C)C","1.92","-0.15","56.66652","","0","0","1.32","*CC*","-0.338","-0.08","11.5"
"CC1=[N]2[Ti]34(OC5=CC=CC=C5C(C)=[N]3N=C(C6=CC=C(N)C=C6)O4)(OC(C7=CC=C(N)C=C7)=N2)OC8=C1C=CC=C8","ONOen","*N=C(O)c1ccc(N)cc1","-0.738","-0.607","95.81139000000002","","0","0","1.32","","0","0","1.32","","0","0","1.32","","0","0","1.32","*C","0.76","-0.134","15.094619999999999","No bridge","N/A","N/A","N/A"
"[N]12=CC(C=CC=C3)=C3O[Ti]145(OC(C6=CC=CC=C6)=N2)OC7=CC=CC=C7C=[N]4N=C(C8=CC=CC=C8)O5","ONOen","*N=C(O)c1ccccc1","-0.738","-0.607","87.00039000000001","","0","0","1.32","","0","0","1.32","","0","0","1.32","","0","0","1.32","","0","0","1.32","No bridge","N/A","N/A","N/A"
"CC1=[N]2[Ti]34(OC5=CC=CC=C5C(C)=[N]3N=C(C6=CC=CC=C6)O4)(OC(C7=CC=CC=C7)=N2)OC8=C1C=CC=C8","ONOen","*N=C(O)c1ccccc1","-0.738","-0.607","87.00039000000001","","0","0","1.32","","0","0","1.32","","0","0","1.32","","0","0","1.32","*C","0.76","-0.134","15.094619999999999","No bridge","N/A","N/A","N/A"
"CC1=[N]2[Ti]34(OC5=CC=CC=C5C(C)=[N]3N=C(C6=CC=C(C)C=C6)O4)(OC(C7=CC=C(C)C=C7)=N2)OC8=C1C=CC=C8","ONOen","*N=C(O)c1ccc(C)cc1","-0.738","-0.607","100.85769","","0","0","1.32","","0","0","1.32","","0","0","1.32","","0","0","1.32","*C","0.76","-0.134","15.094619999999999","No bridge","N/A","N/A","N/A"
"CC1=[N]2[Ti]34(OC5=CC=CC=C5C(C)=[N]3N=C(C6=CC=C(Cl)C=C6)O4)(OC(C7=CC=C(Cl)C=C7)=N2)OC8=C1C=CC=C8","ONOen","*N=C(O)c1ccc(Cl)cc1","-0.738","-0.607","99.1836","","0","0","1.32","","0","0","1.32","","0","0","1.32","","0","0","1.32","*C","0.76","-0.134","15.094619999999999","No bridge","N/A","N/A","N/A"
"CC1=[N]2[Ti]34(OC5=CC=CC=C5C(C)=[N]3N=C(C6=C(O)C=CC=C6)O4)(OC(C7=C(O)C=CC=C7)=N2)OC8=C1C=CC=C8","ONOen","*N=C(C)c1ccccc1O","-0.738","-0.607","100.85769","","0","0","1.32","","0","0","1.32","","0","0","1.32","","0","0","1.32","*O","-0.045","-0.223","8.278110000000003","No bridge","N/A","N/A","N/A"
"CC1=[N]2[Ti]34(OC5=CC=CC=C5C(C)=[N]3N=C(C6=CC=CO6)O4)(OC(C7=CC=CO7)=N2)OC8=C1C=CC=C8","ONOen","*N=C(O)c1ccco1","-0.738","-0.607","68.44122000000002","","0","0","1.32","","0","0","1.32","","0","0","1.32","","0","0","1.32","*C","0.76","-0.134","15.094619999999999","No bridge","N/A","N/A","N/A"
"CC1=[N]2[Ti]34(OC5=CC=CC=C5C(C)=[N]3N=C(C6=CC=CN=C6)O4)(OC(C7=CC=CN=C7)=N2)OC8=C1C=CC=C8","ONOen","*N=C(O)c1cccnc1","-0.738","-0.607","81.95409","","0","0","1.32","","0","0","1.32","","0","0","1.32","","0","0","1.32","*C","0.76","-0.134","15.094619999999999","No bridge","N/A","N/A","N/A"
"CC1=CC(C)=CC2=C1O[Ti](OC3=C(C4)C=C(C)C=C3C)([N]56C7)([N]4(CC6)C2)(OC(C(C)=CC(C)=C8)=C8C5)OC9=C7C=C(C)C=C9C","ONNO","*Cc1cc(C)cc(C)c1O","2.089","-0.077","108.01863000000002","","0","0","1.32","*C","0.76","-0.134","15.094619999999999","","0","0","1.32","*C","0.76","-0.134","15.094619999999999","","0","0","1.32","*CC*","-0.338","-0.08","11.5"
"C1(O[Ti]([N]23C4)([N]5(CC3)CC6=C7C=CC=C6)(O7)(OC(C=CC=C8)=C8C2)OC9=C(C5)C=CC=C9)=C4C=CC=C1","ONNO","*Cc1ccccc1O","2.089","-0.077","80.30403000000003","","0","0","1.32","","0","0","1.32","","0","0","1.32","","0","0","1.32","","0","0","1.32","*CC*","-0.338","-0.08","11.5"
"BrC1=CC(Br)=CC2=C1O[Ti](OC3=C(C4)C=CC=C3)([N@]56C7)([N@@]4(CC6)C2)(OC(C(Br)=CC(Br)=C8)=C8C5)OC9=C7C=CC=C9","ONNO","*Cc1cc(Br)cc(Br)c1O","2.913","-0.129","111.19059000000001","","0","0","1.32","","0","0","1.32","","0","0","1.32","","0","0","1.32","","0","0","1.32","*CC*","-0.338","-0.08","11.5"
"O=C1O[Ti]2(OC3=CC=CC=C3C=[N]2C(C)C4=O)([N](C1C)=C5)(O4)OC6=C5C=CC=C6","ONOen","*C(C)C(=O)O","-0.282","0.083","54.77616","","0","0","1.32","","0","0","1.32","","0","0","1.32","","0","0","1.32","","0","0","1.32","No bridge","N/A","N/A","N/A"
"O=C1O[Ti]2(OC3=CC=CC=C3C=[N]2C(C(C)C)C4=O)([N](C1C(C)C)=C5)(O4)OC6=C5C=CC=C6","ONOen","*C(C(=O)O)C(C)C","1.646","-0.039","82.49076000000001","","0","0","1.32","","0","0","1.32","","0","0","1.32","","0","0","1.32","","0","0","1.32","No bridge","N/A","N/A","N/A"
"O=C1O[Ti]2(OC3=CC=CC=C3C=[N]2C(C(C)CC)C4=O)([N](C1C(C)CC)=C5)(O4)OC6=C5C=CC=C6","ONOen","*C(C(=O)O)C(C)CC","1.609","-0.031","96.34805999999998","","0","0","1.32","","0","0","1.32","","0","0","1.32","","0","0","1.32","","0","0","1.32","No bridge","N/A","N/A","N/A"
"O=C1O[Ti]2(OC3=CC=CC=C3C=[N]2C(CC(C)C)C4=O)([N](C1CC(C)C)=C5)(O4)OC6=C5C=CC=C6","ONOen","*C(CC(C)C)C(=O)O","1.609","-0.011","96.34805999999998","","0","0","1.32","","0","0","1.32","","0","0","1.32","","0","0","1.32","","0","0","1.32","No bridge","N/A","N/A","N/A"
"O=C1O[Ti]2(OC3=CC=CC=C3C=[N]2C(CC4=CC=CC=C4)C5=O)([N](C1CC6=CC=CC=C6)=C7)(O5)OC8=C7C=CC=C8","ONOen","*C(Cc1ccccc1)C(=O)O","2.1","0.0","112.94478","","0","0","1.32","","0","0","1.32","","0","0","1.32","","0","0","1.32","","0","0","1.32","No bridge","N/A","N/A","N/A"
"O=C1O[Ti]2(OC3=CC=CC=C3C=[N]2C(CC4=CNC5=C4C=CC=C5)C6=O)([N](C1CC7=CNC8=C7C=CC=C8)=C9)(O6)OC%10=C9C=CC=C%10","ONOen","*C(Cc1c[nH]c2ccccc12)C(=O)O","2.078","-0.128","128.72447999999997","","0","0","1.32","","0","0","1.32","","0","0","1.32","","0","0","1.32","","0","0","1.32","No bridge","N/A","N/A","N/A"
"C[N]1(C2)[Ti]3(OC(C)C)(OC(C)C)(OC4=C2C=C(Br)C=C4Br)OC5=CC=CC=C5C=[N]3CC1","ONNOalen","*C","0.76","-0.134","15.094619999999999","","0","0","1.32","*Br","1.032","0.241","16.680600000000002","","0","0","1.32","*Br","1.032","0.241","16.680600000000002","","0","0","1.32","*CC*","-0.338","-0.08","11.5"
"C[N]1(C2)[Ti]3(OC(C)C)(OC(C)C)(OC4=C2C=C(Br)C=C4Br)OC5=C(Cl)C=C(Cl)C=C5C=[N]3CC1","ONNOalen","*C","0.76","-0.134","15.094619999999999","","0","0","1.32","*Br","1.032","0.241","16.680600000000002","","0","0","1.32","*Br","1.032","0.241","16.680600000000002","","0","0","1.32","*CC*","-0.338","-0.08","11.5"
"C[N]1(C2)[Ti]3(OC(C)C)(OC(C)C)(OC4=C2C=C([N+]([O-])=O)C=C4)OC5=C(Cl)C=C(Cl)C=C5C=[N]3CC1","ONNOalen","*C","0.76","-0.134","15.094619999999999","","0","0","1.32","*[N+](=O)[O-]","0.165","0.864","22.015260000000005","","0","0","1.32","","0","0","1.32","","0","0","1.32","*CC*","-0.338","-0.08","11.5"
"C[N]1(C2)[Ti]3(OC(C)C)(OC(C)C)(OC4=C2C=C([N+]([O-])=O)C=C4)OC5=CC=C(Cl)C=C5C=[N]3CC1","ONNOalen","*C","0.76","-0.134","15.094619999999999","","0","0","1.32","*[N+](=O)[O-]","0.165","0.864","22.015260000000005","","0","0","1.32","","0","0","1.32","","0","0","1.32","*CC*","-0.338","-0.08","11.5"
"C[N]1(C2)[Ti]3(OC(C)C)(OC(C)C)(OC4=C2C=C([N+]([O-])=O)C=C4)OC5=C(Cl)C=CC=C5C=[N]3CC1","ONNOalen","*C","0.76","-0.134","15.094619999999999","","0","0","1.32","*[N+](=O)[O-]","0.165","0.864","22.015260000000005","","0","0","1.32","","0","0","1.32","","0","0","1.32","*CC*","-0.338","-0.08","11.5"
"C[N]1(C2)[Ti]3(OC(C)C)(OC(C)C)(OC4=C2C=C([N+]([O-])=O)C=C4)OC5=C(OC)C=CC=C5C=[N]3CC1","ONNOalen","*C","0.76","-0.134","15.094619999999999","","0","0","1.32","*[N+](=O)[O-]","0.165","0.864","22.015260000000005","","0","0","1.32","","0","0","1.32","","0","0","1.32","*CC*","-0.338","-0.08","11.5"
"C[N]1(C2)[Ti]3(OC(C)C)(OC(C)C)(OC4=C2C=C([N+]([O-])=O)C=C4)OC5=C(C(C)(C)C)C=C(C(C)(C)C)C=C5C=[N]3C6=C1C=CC=C6","ONNOalen","No ligand","N/A","N/A","N/A","","0","0","1.32","*C(C)(C)C","1.92","-0.15","56.66652","","0","0","1.32","*C(C)(C)C","1.92","-0.15","56.66652","","0","0","1.32","*c1ccccc1*","1.194","-0.104","26.5"
"CC(C)O[Ti]12(OCC3)(O4)OC5=C(Cl)C=C(Cl)C=C5C=[N]1CC[N]23CC6=C4C=CC([N+]([O-])=O)=C6","ONNOalen","*CCO","0.009","-0.05","35.992709999999995","","0","0","1.32","*[N+](=O)[O-]","0.165","0.864","22.015260000000005","","0","0","1.32","","0","0","1.32","","0","0","1.32","*CC*","-0.338","-0.08","11.5"
"CC(C)O[Ti]12(OCC3)(O4)OC5=C(OC)C=CC=C5C=[N]1CC[N]23CC6=C4C=CC([N+]([O-])=O)=C6","ONNOalen","*CCO","0.009","-0.05","35.992709999999995","","0","0","1.32","*[N+](=O)[O-]","0.165","0.864","22.015260000000005","","0","0","1.32","","0","0","1.32","","0","0","1.32","*CC*","-0.338","-0.08","11.5"
"CC(C)O[Ti]12(OCC3)(O4)OC5=C(C(C)(C)C)C=C(C(C)(C)C)C=C5C=[N]1CC[N]23CC6=C4C=CC([N+]([O-])=O)=C6","ONNOalen","No ligand","N/A","N/A","N/A","","0","0","1.32","*C(C)(C)C","1.92","-0.15","56.66652","","0","0","1.32","*C(C)(C)C","1.92","-0.15","56.66652","","0","0","1.32","*CC*","-0.338","-0.08","11.5"
"[Ti](Cl)Cl.CN(C(C1=CC=C(OCO2)C2=C1)c3cccc3)C.CN(C(C4=CC(OCO5)=C5C=C4)c6cccc6)C","M","*C(c1ccc2c(c1)OCO2)N(C)C","2.058","-0.074","127.82736","*C(c1ccc2c(c1)OCO2)N(C)C","2.058","-0.074","127.82736","No ligand","N/A","N/A","N/A","No ligand","N/A","N/A","N/A","No ligand","N/A","N/A","N/A","No ligand","N/A","N/A","N/A","No bridge","N/A","N/A","N/A"
"[Ti](Cl)Cl.CN(C(C1=CC=CN1C)c2cccc2)C.CN(C(C3=CC=CN3C)c4cccc4)C","M","*C(c1cccn1C)N(C)C","0.463","-0.141","106.85718000000001","*C(c1cccn1C)N(C)C","0.463","-0.141","106.85718000000001","No ligand","N/A","N/A","N/A","No ligand","N/A","N/A","N/A","No ligand","N/A","N/A","N/A","No ligand","N/A","N/A","N/A","No bridge","N/A","N/A","N/A"
"[Ti](Cl)Cl.CN(C(C1=CC=CO1)c2cccc2)C.CN(C(C3=CC=CO3)c4cccc4)C","M","*C(c1ccco1)N(C)C","0.593","-0.085","91.22967000000001","*C(c1ccco1)N(C)C","0.593","-0.085","91.22967000000001","No ligand","N/A","N/A","N/A","No ligand","N/A","N/A","N/A","No ligand","N/A","N/A","N/A","No ligand","N/A","N/A","N/A","No bridge","N/A","N/A","N/A"
"[Ti](Cl)Cl.CN(C(C=C1)=CC=C1Cc2cccc2)C.CN(C(C=C3)=CC=C3Cc4cccc4)C","M","*Cc1ccc(N(C)C)cc1","2.638","-0.179","109.78883999999996","*Cc1ccc(N(C)C)cc1","2.638","-0.179","109.78883999999996","No ligand","N/A","N/A","N/A","No ligand","N/A","N/A","N/A","No ligand","N/A","N/A","N/A","No ligand","N/A","N/A","N/A","No bridge","N/A","N/A","N/A"
"[Ti](Cl)Cl.COCCOC(C=C1)=CC=C1Cc2cccc2.COCCOC(C=C3)=CC=C3Cc4cccc4","M","*Cc1ccc(OCCOC)cc1","2.877","-0.134","128.91672000000003","*Cc1ccc(OCCOC)cc1","2.877","-0.134","128.91672000000003","No ligand","N/A","N/A","N/A","No ligand","N/A","N/A","N/A","No ligand","N/A","N/A","N/A","No ligand","N/A","N/A","N/A","No bridge","N/A","N/A","N/A"
"[Ti](Cl)Cl.c1(CC2=CC=C(N3CCOCC3)C=C2)cccc1.c4(CC5=CC=C(N6CCOCC6)C=C5)cccc4","M","*Cc1ccc(N2CCOCC2)cc1","1.591","-0.169","134.64387000000002","*Cc1ccc(N2CCOCC2)cc1","1.591","-0.169","134.64387000000002","No ligand","N/A","N/A","N/A","No ligand","N/A","N/A","N/A","No ligand","N/A","N/A","N/A","No ligand","N/A","N/A","N/A","No bridge","N/A","N/A","N/A"
"[Ti](Cl)Cl.CN(C(C1=CC(OCO2)=C2C=C1)c3cccc3)C.CN(C(C4=CC(OCO5)=C5C=C4)c6cccc6)C","M","*C(c1ccc2c(c1)OCO2)N(C)C","2.058","-0.074","127.82736","*C(c1ccc2c(c1)OCO2)N(C)C","2.058","-0.074","127.82736","No ligand","N/A","N/A","N/A","No ligand","N/A","N/A","N/A","No ligand","N/A","N/A","N/A","No ligand","N/A","N/A","N/A","No bridge","N/A","N/A","N/A"
"[Ti](Cl)Cl.CN(C(C1=CC=C(N(C)C)C=C1)c2cccc2)C.CN(C(C3=CC=C(N(C)C)C=C3)c4cccc4)C","M","*C(c1ccc(N(C)C)cc1)N(C)C","1.257","-0.079","146.31444","*C(c1ccc(N(C)C)cc1)N(C)C","1.257","-0.079","146.31444","No ligand","N/A","N/A","N/A","No ligand","N/A","N/A","N/A","No ligand","N/A","N/A","N/A","No ligand","N/A","N/A","N/A","No bridge","N/A","N/A","N/A"
"[Ti](Cl)Cl.CN(C(C1=CC=C(OC)C=C1)c2cccc2)C.CN(C(C3=CC=C(OC)C=C3)c4cccc4)C","M","*C(c1ccc(OC)cc1)N(C)C","1.257","-0.079","130.68693","*C(c1ccc(OC)cc1)N(C)C","1.257","-0.079","130.68693","No ligand","N/A","N/A","N/A","No ligand","N/A","N/A","N/A","No ligand","N/A","N/A","N/A","No ligand","N/A","N/A","N/A","No bridge","N/A","N/A","N/A"
"[Ti](Cl)Cl.CN1C=CC=C1C(N(C)C)c2cccc2.CN3C(C(N(C)C)c4cccc4)=CC=C3","M","*C(c1cccn1C)N(C)C","0.463","-0.141","106.85718000000001","*C(c1cccn1C)N(C)C","0.463","-0.141","106.85718000000001","No ligand","N/A","N/A","N/A","No ligand","N/A","N/A","N/A","No ligand","N/A","N/A","N/A","No ligand","N/A","N/A","N/A","No bridge","N/A","N/A","N/A"
"[Ti](Cl)Cl.CN(C(C1=CC=CO1)c2cccc2)C.CN(C(C3=CC=CO3)c4cccc4)C","M","*C(c1ccco1)N(C)C","0.593","-0.085","91.22967000000001","*C(c1ccco1)N(C)C","0.593","-0.085","91.22967000000001","No ligand","N/A","N/A","N/A","No ligand","N/A","N/A","N/A","No ligand","N/A","N/A","N/A","No ligand","N/A","N/A","N/A","No bridge","N/A","N/A","N/A"
"[Ti](Cl)Cl.COC(C=C1)=CC=C1C(C(C2=CC=C(OC)C=C2)c3cccc3)c4cccc4","M","*C(c1ccc(OC)cc1)","2.121","-0.12","94.16132999999999","*Cc1ccc(OC)cc1","2.121","-0.12","94.16132999999999","No ligand","N/A","N/A","N/A","No ligand","N/A","N/A","N/A","No ligand","N/A","N/A","N/A","No ligand","N/A","N/A","N/A","No bridge","N/A","N/A","N/A"
"[Ti](Cl)Cl.COC(C=C1OC)=CC(OC)=C1C(C(C2=C(OC)C=C(OC)C=C2OC)c3cccc3)c4cccc4","M","*C(c1c(OC)cc(OC)cc1OC)","1.868","-0.21","135.95750999999998","*Cc1c(OC)cc(OC)cc1OC","1.868","-0.21","135.95750999999998","No ligand","N/A","N/A","N/A","No ligand","N/A","N/A","N/A","No ligand","N/A","N/A","N/A","No ligand","N/A","N/A","N/A","No bridge","N/A","N/A","N/A"
"[Ti](Cl)Cl.COC(C(OC)=C1)=C(OC)C=C1C(C(C2=CC(OC)=C(OC)C(OC)=C2)c3cccc3)c4cccc4","M","*C(c1cc(OC)c(OC)c(OC)c1)","1.868","-0.104","135.95750999999998","*Cc1cc(OC)c(OC)c(OC)c1","1.868","-0.104","135.95750999999998","No ligand","N/A","N/A","N/A","No ligand","N/A","N/A","N/A","No ligand","N/A","N/A","N/A","No ligand","N/A","N/A","N/A","No bridge","N/A","N/A","N/A"
"ClC1=CC2=C(O[Ti]([N]34C2)([N]5(CC4)CC6=C7C(Cl)=CC(Cl)=C6)(O7)(OC(C(Cl)=CC(Cl)=C8)=C8C3)OC9=C(C5)C=C(Cl)C=C9Cl)C(Cl)=C1","ONNO","*Cc1cc(Cl)cc(Cl)c1O","2.639","-0.131","104.67045000000003","","0","0","1.32","*Cl","0.758","0.168","13.420530000000001","","0","0","1.32","*Cl","0.758","0.168","13.420530000000001","","0","0","1.32","*CC*","-0.338","-0.08","11.5"
"CC(C(C)=C1)=CC2=C1O[Ti]34(OC5=C6C=C(C)C(C)=C5)(OC7=CC(C)=C(C)C=C7C[N]4(CCC)C6)OC8=CC(C)=C(C)C=C8C[N]3(CCC)C2","ONO","*CCC","1.553","-0.131","42.80921999999999","","0","0","1.32","*C","0.76","-0.134","15.094619999999999","*C","0.76","-0.134","15.094619999999999","","0","0","1.32","","0","0","1.32","No bridge","N/A","N/A","N/A"
"CC(C)O[Ti]1(OC2=C3C=C(Cl)C=C2)(OC(C)C)([N](C4)(C)CC[N]1(C3)C)OC5=C4C=C(Cl)C=C5","ONNO","*C","0.76","-0.134","15.094619999999999","","0","0","1.32","*Cl","0.758","0.168","13.420530000000001","","0","0","1.32","","0","0","1.32","","0","0","1.32","*CC*","-0.338","-0.08","11.5"
"CC1=CC(C)=CC2=C1O[Ti]3(OC4=C5C=CC=C4)(O5)([N@](C2)(CCC6)CC[N@@]36C7)OC8=C7C=C(C)C=C8C","ONNO","*CCC*","0.058","-0.107","18.5","","0","0","1.32","*C","0.76","-0.134","15.094619999999999","","0","0","1.32","*C","0.76","-0.134","15.094619999999999","","0","0","1.32","*CC*","-0.338","-0.08","11.5"
"CC1=CC(C)=CC2=C1O[Ti]3(OC4=C5C=CC=C4)(O5)([N@](C2)(CC6)CC[N@@]36C7)OC8=C7C=C(C)C=C8C","ONNO","*CC*","-0.338","-0.08","11.5","","0","0","1.32","*C","0.76","-0.134","15.094619999999999","","0","0","1.32","*C","0.76","-0.134","15.094619999999999","","0","0","1.32","*CC*","-0.338","-0.08","11.5"
